{"columns":["High","Low","Open","Close","Volume","Adj Close"],"index":[1577664000000,1577750400000,1577923200000,1578009600000,1578268800000,1578355200000,1578441600000,1578528000000,1578614400000,1578873600000,1578960000000,1579046400000,1579132800000,1579219200000,1579564800000,1579651200000,1579737600000,1579824000000,1580083200000,1580169600000,1580256000000,1580342400000,1580428800000,1580688000000,1580774400000,1580860800000,1580947200000,1581033600000,1581292800000,1581379200000,1581465600000,1581552000000,1581638400000,1581984000000,1582070400000,1582156800000,1582243200000,1582502400000,1582588800000,1582675200000,1582761600000,1582848000000,1583107200000,1583193600000,1583280000000,1583366400000,1583452800000,1583712000000,1583798400000,1583884800000,1583971200000,1584057600000,1584316800000,1584403200000,1584489600000,1584576000000,1584662400000,1584921600000,1585008000000,1585094400000,1585180800000,1585267200000,1585526400000,1585612800000,1585699200000,1585785600000,1585872000000,1586131200000,1586217600000,1586304000000,1586390400000,1586736000000,1586822400000,1586908800000,1586995200000,1587081600000,1587340800000,1587427200000,1587513600000,1587600000000,1587686400000,1587945600000,1588032000000,1588118400000,1588204800000,1588291200000,1588550400000,1588636800000,1588723200000,1588809600000,1588896000000,1589155200000,1589241600000,1589328000000,1589414400000,1589500800000],"data":[[215.7799987793,211.7599945068,215.7799987793,212.9100036621,8732600,212.9100036621],[213.6399993896,210.7299957275,212.0,212.1000061035,6773600,212.1000061035],[219.9799957275,216.5399932861,216.6000061035,219.7700042725,15873500,219.7700042725],[218.2030029297,216.0099945068,216.3500061035,217.0,8604500,217.0],[217.1600036621,214.0899963379,214.8899993896,216.6399993896,11885500,216.6399993896],[218.9400024414,216.6900024414,217.6399993896,217.6300048828,9388000,217.6300048828],[220.6499938965,216.3200073242,216.6000061035,218.0,11959100,218.0],[223.0800018311,220.8200073242,221.5,221.7799987793,13122500,221.7799987793],[225.9600067139,222.0610046387,223.8999938965,223.8300018311,12296000,223.8300018311],[231.1399993896,227.0399932861,228.8099975586,230.4799957275,17544800,230.4799957275],[230.1750030518,224.8800048828,230.0500030518,226.4900054932,17266900,226.4900054932],[227.8200073242,224.3899993896,226.6499938965,225.0599975586,10743400,225.0599975586],[226.3300018311,222.7299957275,226.3000030518,223.9400024414,13700500,223.9400024414],[228.0,225.3500061035,225.8999938965,227.4299926758,12956200,227.4299926758],[222.6000061035,220.7299957275,222.4499969482,222.2599945068,15831100,222.2599945068],[225.5800018311,222.0,224.6900024414,222.3699951172,10059600,222.3699951172],[220.1300048828,216.7700042725,217.9299926758,219.1300048828,18519900,219.1300048828],[219.8300018311,211.3249969482,218.4900054932,213.75,18143900,213.75],[208.0200042725,199.5,201.2200012207,205.4700012207,24574700,205.4700012207],[210.9100036621,207.1699981689,209.7400054932,210.2299957275,16196700,210.2299957275],[213.9799957275,209.5200042725,212.5599975586,212.0200042725,12871900,212.0200042725],[209.8600006104,205.0299987793,207.8800048828,208.5800018311,14376000,208.5800018311],[207.9299926758,204.7279968262,206.5,206.5899963379,18181400,206.5899963379],[215.0200042725,208.6699981689,208.6699981689,213.1000061035,14131900,213.1000061035],[224.3800048828,220.4900054932,221.3500061035,222.8800048828,16695100,222.8800048828],[226.6999969482,217.5399932861,226.5200042725,220.2200012207,15766100,220.2200012207],[223.6499938965,219.7799987793,223.1300048828,220.8999938965,10790800,220.8999938965],[217.8399963379,214.8800048828,217.4600067139,216.5299987793,13790300,216.5299987793],[215.7700042725,212.1999969482,213.5,215.7700042725,17420300,215.7700042725],[220.0099945068,215.2899932861,219.9100036621,217.2100067139,16073500,217.2100067139],[225.5200042725,220.2100067139,221.1300048828,224.3099975586,18671900,224.3099975586],[225.0,218.9900054932,220.0,220.3600006104,28069700,220.3600006104],[221.6399993896,218.2299957275,221.1000061035,219.6300048828,10690000,219.6300048828],[220.8500061035,217.5099945068,218.5500030518,220.5200042725,12987000,220.5200042725],[223.5599975586,220.75,221.5200042725,222.1399993896,10798100,222.1399993896],[222.5,214.2200012207,222.5,218.0399932861,14950100,218.0399932861],[217.6000061035,211.5599975586,217.5399932861,212.5899963379,17681200,212.5899963379],[207.2799987793,202.5099945068,203.5500030518,206.1600036621,19380200,206.1600036621],[209.9499969482,204.1000061035,208.5099945068,205.6100006104,18132400,205.6100006104],[213.0800018311,206.7899932861,206.8000030518,208.7400054932,19482100,208.7400054932],[209.9700012207,201.8600006104,205.0099945068,205.0299987793,22643900,205.0299987793],[208.9199981689,198.5610046387,198.9799957275,208.0,31276200,208.0],[211.1100006104,203.7559967041,208.5899963379,210.9799957275,21542200,210.9799957275],[211.3899993896,202.2400054932,211.0800018311,207.4100036621,20813800,207.4100036621],[212.6999969482,208.8500061035,209.4900054932,211.9600067139,12474400,211.9600067139],[215.1499938965,209.1399993896,210.0,211.4600067139,13462900,211.4600067139],[207.0,201.1000061035,206.6999969482,204.6399993896,21700500,204.6399993896],[199.8899993896,193.9299926758,195.6199951172,197.6600036621,25502600,197.6600036621],[207.4499969482,200.8000030518,205.5299987793,206.3899993896,19022600,206.3899993896],[203.1000061035,196.1100006104,201.6499938965,198.9100036621,18908200,198.9100036621],[190.4869995117,183.9299926758,186.5,185.1000061035,30247100,185.1000061035],[195.9900054932,187.8099975586,194.8999938965,194.0,23650500,194.0],[188.0,174.5,176.1499938965,178.8500061035,26628500,178.8500061035],[189.3899993896,179.6900024414,181.2599945068,184.8099975586,19276500,184.8099975586],[182.4100036621,170.0,176.0,180.0,22054200,180.0],[187.25,177.3899993896,179.2599945068,180.8800048828,20905700,180.8800048828],[188.3000030518,180.0,187.7400054932,181.3000030518,21006100,181.3000030518],[178.5,169.9499969482,175.2700042725,176.3399963379,22554700,176.3399963379],[188.8000030518,181.1799926758,183.0899963379,185.75,20801500,185.75],[195.1900024414,184.5149993896,185.8200073242,188.5599975586,19605200,188.5599975586],[196.3200073242,187.6000061035,188.6399993896,195.3200073242,15416800,195.3200073242],[192.7400054932,188.0,189.9700012207,188.5899963379,13376400,188.5899963379],[191.4799957275,187.0099945068,187.4799957275,191.2700042725,12254400,191.2700042725],[196.7899932861,190.6000061035,192.0,194.4799957275,19084800,194.4799957275],[192.8699951172,185.0399932861,189.5,187.5599975586,17948600,187.5599975586],[191.3000030518,185.6920013428,186.0800018311,188.8999938965,13412100,188.8999938965],[190.5500030518,185.4100036621,190.1199951172,187.1100006104,9483100,187.1100006104],[196.8800048828,192.6999969482,194.7400054932,196.4499969482,13248700,196.4499969482],[201.4499969482,197.0500030518,200.0500030518,198.0,14934500,198.0],[198.8600006104,193.8840026855,198.3399963379,195.9799957275,13608000,195.9799957275],[200.3500061035,193.3999938965,198.6499938965,196.3699951172,17821300,196.3699951172],[200.3249969482,195.5299987793,197.3999938965,199.4400024414,16117900,199.4400024414],[207.9700012207,204.25,204.9499969482,204.7799987793,16757100,204.7799987793],[209.1499938965,201.3099975586,204.7700042725,208.1699981689,10768100,208.1699981689],[213.25,209.1199951172,210.5299987793,212.6600036621,16353800,212.6600036621],[214.9799957275,208.8509979248,214.9799957275,209.5,13558500,209.5],[216.1000061035,209.3600006104,209.8699951172,212.1300048828,19295400,212.1300048828],[212.1300048828,205.0299987793,209.8999938965,207.3399963379,14107600,207.3399963379],[212.0,209.2100067139,212.0,209.9600067139,13486100,209.9600067139],[210.5599975586,203.4600067139,210.2400054932,205.2400054932,20424000,205.2400054932],[206.5,202.8200073242,205.8899993896,204.3600006104,14682400,204.3600006104],[207.7799987793,202.0299987793,